Datetime,Water Level (m)
2025-05-22 06:00:00,-0.27928686
2025-05-22 07:00:00,-0.32171953
2025-05-22 08:00:00,-0.24295594
2025-05-22 09:00:00,0.061851
2025-05-22 10:00:00,0.36485636
2025-05-22 11:00:00,0.5893644
2025-05-22 12:00:00,0.75275755
2025-05-22 13:00:00,0.8010286
2025-05-22 14:00:00,0.7080321
2025-05-22 15:00:00,0.45330945
2025-05-22 16:00:00,0.1578996
2025-05-22 17:00:00,-0.08181117
2025-05-22 18:00:00,-0.28223836
2025-05-22 19:00:00,-0.44103563
2025-05-22 20:00:00,-0.5273641
2025-05-22 21:00:00,-0.4133618
2025-05-22 22:00:00,-7.722261e-05
2025-05-22 23:00:00,0.31363317
2025-05-23 00:00:00,0.5684248
2025-05-23 01:00:00,0.7439179
2025-05-23 02:00:00,0.80255556
2025-05-23 03:00:00,0.7125602
2025-05-23 04:00:00,0.45056313
2025-05-23 05:00:00,0.18372908
2025-05-23 06:00:00,-0.024839647
2025-05-23 07:00:00,-0.20172685
2025-05-23 08:00:00,-0.3338388
2025-05-23 09:00:00,-0.33949172
2025-05-23 10:00:00,-0.022405075
2025-05-23 11:00:00,0.3674761
2025-05-23 12:00:00,0.63557285
2025-05-23 13:00:00,0.80856836
2025-05-23 14:00:00,0.8672069
2025-05-23 15:00:00,0.7652456
2025-05-23 16:00:00,0.47209305
2025-05-23 17:00:00,0.15348165
2025-05-23 18:00:00,-0.09345364
2025-05-23 19:00:00,-0.30427933
2025-05-23 20:00:00,-0.48508763
2025-05-23 21:00:00,-0.59217286
2025-05-23 22:00:00,-0.46668312
2025-05-23 23:00:00,0.06592182
2025-05-24 00:00:00,0.44294742
2025-05-24 01:00:00,0.73753905
2025-05-24 02:00:00,0.9316956
2025-05-24 03:00:00,0.9821324
2025-05-24 04:00:00,0.8502166
2025-05-24 05:00:00,0.5420873
2025-05-24 06:00:00,0.2416111
2025-05-24 07:00:00,0.0030279257
2025-05-24 08:00:00,-0.20517644
2025-05-24 09:00:00,-0.3683793
2025-05-24 10:00:00,-0.40954924
2025-05-24 11:00:00,-0.06949182
2025-05-24 12:00:00,0.3838773
2025-05-24 13:00:00,0.6893245
2025-05-24 14:00:00,0.8807697
2025-05-24 15:00:00,0.93117964
2025-05-24 16:00:00,0.79493445
2025-05-24 17:00:00,0.4572643
2025-05-24 18:00:00,0.12223621
2025-05-24 19:00:00,-0.1401764
2025-05-24 20:00:00,-0.36404353
2025-05-24 21:00:00,-0.55943006
2025-05-24 22:00:00,-0.6698386
2025-05-24 23:00:00,-0.43975535
2025-05-25 00:00:00,0.1584487
2025-05-25 01:00:00,0.55943316
2025-05-25 02:00:00,0.886624
2025-05-25 03:00:00,1.0935298
2025-05-25 04:00:00,1.1266485
2025-05-25 05:00:00,0.9528626
2025-05-25 06:00:00,0.6035759
2025-05-25 07:00:00,0.29252234
2025-05-25 08:00:00,0.027667055
2025-05-25 09:00:00,-0.207707
2025-05-25 10:00:00,-0.39028507
2025-05-25 11:00:00,-0.44639477
2025-05-25 12:00:00,-0.038838632
2025-05-25 13:00:00,0.4252116
2025-05-25 14:00:00,0.7377674
2025-05-25 15:00:00,0.93905747
2025-05-25 16:00:00,0.97152597
2025-05-25 17:00:00,0.7867251
2025-05-25 18:00:00,0.42564973
2025-05-25 19:00:00,0.09299809
2025-05-25 20:00:00,-0.16937692
2025-05-25 21:00:00,-0.39398754
2025-05-25 22:00:00,-0.5911949
2025-05-25 23:00:00,-0.69171757
2025-05-26 00:00:00,-0.336211
2025-05-26 01:00:00,0.27501988
2025-05-26 02:00:00,0.72130305
2025-05-26 03:00:00,1.0705725
2025-05-26 04:00:00,1.271451
2025-05-26 05:00:00,1.2605525
2025-05-26 06:00:00,1.0102576
2025-05-26 07:00:00,0.62279177
2025-05-26 08:00:00,0.3011744
2025-05-26 09:00:00,0.029010458
2025-05-26 10:00:00,-0.21784186
2025-05-26 11:00:00,-0.40315604
2025-05-26 12:00:00,-0.44756246
2025-05-26 13:00:00,0.038161874
2025-05-26 14:00:00,0.4882882
2025-05-26 15:00:00,0.81042176
2025-05-26 16:00:00,0.9921756
2025-05-26 17:00:00,0.993603
2025-05-26 18:00:00,0.7643871
2025-05-26 19:00:00,0.36583766
2025-05-26 20:00:00,0.030512538
2025-05-26 21:00:00,-0.22731307
2025-05-26 22:00:00,-0.45538282
2025-05-26 23:00:00,-0.63868445
2025-05-27 00:00:00,-0.6871301
2025-05-27 01:00:00,-0.13319232
2025-05-27 02:00:00,0.42365077
2025-05-27 03:00:00,0.87850165
2025-05-27 04:00:00,1.2204815
2025-05-27 05:00:00,1.3774159
2025-05-27 06:00:00,1.3152831
2025-05-27 07:00:00,0.9911651
2025-05-27 08:00:00,0.594228
2025-05-27 09:00:00,0.28347775
2025-05-27 10:00:00,0.012238761
2025-05-27 11:00:00,-0.22693025
2025-05-27 12:00:00,-0.3887327
2025-05-27 13:00:00,-0.3359205
2025-05-27 14:00:00,0.27078736
2025-05-27 15:00:00,0.6748365
2025-05-27 16:00:00,0.99467164
2025-05-27 17:00:00,1.1642092
2025-05-27 18:00:00,1.1287934
2025-05-27 19:00:00,0.8756109
2025-05-27 20:00:00,0.5293185
2025-05-27 21:00:00,0.22493275
2025-05-27 22:00:00,-0.045873415
2025-05-27 23:00:00,-0.28763762
2025-05-28 00:00:00,-0.46081945
2025-05-28 01:00:00,-0.41752
2025-05-28 02:00:00,0.24470973
2025-05-28 03:00:00,0.7695221
2025-05-28 04:00:00,1.2064261
2025-05-28 05:00:00,1.5241542
2025-05-28 06:00:00,1.628408
